{
  "FilterHeaders": [
    {
      "Header": "user-agent",
      "IncludeInScript": false
    },
    {
      "Header": "cache-control",
      "IncludeInScript": false
    },
    {
      "Header": "accept-language",
      "IncludeInScript": false
    },
    {
      "Header": "accept-encoding",
      "IncludeInScript": false
    },
    {
      "Header": "accept",
      "IncludeInScript": false
    }
  ],
  "FilterResources": [
    {
      "IsNonResource": true,
      "type": "text/html"
    }
  ],
  "GeneralInfo": {
    "BrowserVersion": "",
    "IsWinInetMode": false,
    "MaxUsedConnections": 1,
    "RecordedBrowser": "Internet Explorer",
    "RecordingDate": "ноя-24-2019",
    "RecordingDuration": 23203,
    "RecordingMode": "N/A",
    "RecordingTimeStamp": 1574615060,
    "RecordingType": "Browser",
    "TotalBytesReceived": 5329,
    "TotalBytesSent": 1639,
    "TotalRequests": 5,
    "UserAgent": "Mozilla/5.0 (Windows NT 10.0; WOW64; Trident/7.0; rv:11.0) like Gecko"
  },
  "HostInfo": [
    {
      "DomainName": "youplace.net",
      "Domains": [
        {
          "HTTPVersion": "HTTP/1.1",
          "IP": "185.204.3.165",
          "IncludeInScript": true,
          "Name": "test.youplace.net",
          "Port": 80,
          "Requests": [
            {
              "CompressionType": "",
              "DataType": "text/html",
              "DownloadTime": 32,
              "EventId": 434,
              "HttpStatus": 406,
              "Size": 1749,
              "URL": "http://test.youplace.net/question/1"
            },
            {
              "CompressionType": "",
              "DataType": "text/html",
              "DownloadTime": 31,
              "EventId": 428,
              "HttpStatus": 404,
              "Size": 146,
              "URL": "http://test.youplace.net/favicon.ico"
            },
            {
              "CompressionType": "",
              "DataType": "text/html",
              "DownloadTime": 31,
              "EventId": 419,
              "HttpStatus": 200,
              "Size": 1696,
              "URL": "http://test.youplace.net/question/1"
            },
            {
              "CompressionType": "",
              "DataType": "text/html",
              "DownloadTime": 16,
              "EventId": 410,
              "HttpStatus": 404,
              "Size": 146,
              "URL": "http://test.youplace.net/favicon.ico"
            },
            {
              "CompressionType": "",
              "DataType": "text/html",
              "DownloadTime": 31,
              "EventId": 401,
              "HttpStatus": 200,
              "Size": 1592,
              "URL": "http://test.youplace.net/"
            }
          ],
          "SSLCipher": "None",
          "SSLVersion": "None"
        }
      ],
      "IncludeInScript": true
    }
  ],
  "WebSocket": {
    "IncludeInScript": false,
    "IsScriptIncludeWebSocket": false
  },
  "NumberOfCorrelations": 0
}